id;titre;description
1;Handmade Concrete Computer Specialist Car;Fantastic Cotton Salad Sweden
2;Unbranded capacitor;Applications Hat
3;Automotive reintermediate;Chair Persevering Light
4;Intelligent Cotton Barbados Dollar;Accountability Infrastructure revolutionary
5;Licensed Metal Bike Turkey Wyoming;Bacon Ergonomic Soft Soap encryption
6;Exclusive;Table Rwanda Accountability
7;synergies one-to-one;deliver Agent
8;turquoise purple bypassing;Group Ergonomic
9;invoice Legacy;TCP
10;Principal navigating;budgetary management
